<?xml version="1.0" encoding="UTF-8"?>
<!-- $Header: /cvsroot/ebxmlrr/omar/misc/samples/minDB/SubmitObjectsRequest_Config.xml,v 1.38 2005/03/29 12:13:32 tonygraham Exp $ -->
<!-- Must be loaded after SubmitObjectsRequest_objectTypesSchemes -->
<SubmitObjectsRequest xmlns="urn:oasis:names:tc:ebxml-regrep:xsd:lcm:3.0" xmlns:lcm="urn:oasis:names:tc:ebxml-regrep:xsd:lcm:3.0" xmlns:query="urn:oasis:names:tc:ebxml-regrep:xsd:query:3.0" xmlns:rim="urn:oasis:names:tc:ebxml-regrep:xsd:rim:3.0" xmlns:rs="urn:oasis:names:tc:ebxml-regrep:xsd:rs:3.0" xmlns:xsi="http://www.w3.org/2001/XMLSchema-instance" xsi:schemaLocation="urn:oasis:names:tc:ebxml-regrep:xsd:lcm:3.0  ../../../../ebxmlrr-spec/misc/3.0/schema/lcm.xsd">
  <rim:RegistryObjectList>
    <rim:Organization lid="urn:freebxml:registry:Organization:freebXMLRegistry" id="urn:freebxml:registry:Organization:freebXMLRegistry" primaryContact="urn:freebxml:registry:predefinedusers:registryoperator">
      <rim:Name>
        <rim:LocalizedString charset="UTF-8" value="freebXMLRegistry"/>
      </rim:Name>
      <rim:Description>
        <rim:LocalizedString charset="UTF-8" value="freebXML Registry"/>
      </rim:Description>
      <rim:Address city="Burlington" country="USA" postalCode="01867" stateOrProvince="MA" street="Network Dr." streetNumber="1"/>
      <rim:TelephoneNumber areaCode="781" countryCode="1" number="442-0703" phoneType="office"/>
      <rim:TelephoneNumber areaCode="781" countryCode="1" number="442-0704" phoneType="fax"/>
    </rim:Organization>
    <!--AffiliatedWith assoc to add primary contact as user of organization -->
    <rim:Association associationType="urn:oasis:names:tc:ebxml-regrep:AssociationType:AffiliatedWith" id="urn:uuid:24cee176-9098-4931-894f-fea5dab1732a" sourceObject="urn:freebxml:registry:predefinedusers:registryoperator" targetObject="urn:freebxml:registry:Organization:freebXMLRegistry"/>
   
    <!--Not using hard wired id for Federation and Registry as they need to be unique in each Registry instance-->
    <rim:Federation id="Federation1TemporaryId" replicationSyncLatency="P1D">
      <rim:Name>
        <rim:LocalizedString charset="UTF-8" value="freebXMLRegistryFederation"/>
      </rim:Name>
      <rim:Description>
        <rim:LocalizedString charset="UTF-8" value="freebXML Registry Federation"/>
      </rim:Description>
    </rim:Federation>    
    <rim:Registry catalogingLatency="P1D" id="Registry1TemporaryId" operator="urn:freebxml:registry:Organization:freebXMLRegistry" replicationSyncLatency="P1D" specificationVersion="3.0" conformanceProfile="registryFull">
      <rim:Name>
        <rim:LocalizedString charset="UTF-8" value="freebXMLRegistry"/>
      </rim:Name>
      <rim:Description>
        <rim:LocalizedString charset="UTF-8" value="freebXML Registry"/>
      </rim:Description>
    </rim:Registry>
    <!--HasFederationMember assoc between Federation and Registry -->
    <rim:Association associationType="urn:oasis:names:tc:ebxml-regrep:AssociationType:HasFederationMember" id="HasFederationMemberAssociationTemporaryId" sourceObject="Federation1TemporaryId" targetObject="Registry1TemporaryId" />    
    
    <rim:Service lid="urn:oasis:names:tc:ebxml-regrep:Service:CanonicalXMLCatalogingService" id="urn:oasis:names:tc:ebxml-regrep:Service:CanonicalXMLCatalogingService">
      <rim:Slot name="providingOrganization">
        <rim:ValueList>
          <rim:Value>urn:freebxml:registry:Organization:freebXMLRegistry</rim:Value>
        </rim:ValueList>
      </rim:Slot>
      <rim:Name>
        <rim:LocalizedString charset="UTF-8" value="CanonicalXMLCatalogingService"/>
      </rim:Name>
      <rim:Description>
        <rim:LocalizedString charset="UTF-8" value="Canonical XML Cataloging Service"/>
      </rim:Description>
      <!-- ContentManagementService classification -->
      <rim:Classification classificationNode="urn:oasis:names:tc:ebxml-regrep:ContentManagementService:ContentCatalogingService" classifiedObject="urn:oasis:names:tc:ebxml-regrep:Service:CanonicalXMLCatalogingService" id="urn:uuid:847c002d-2e4b-404c-b4bb-a1e343380e1d">
        <rim:Name>
          <rim:LocalizedString charset="UTF-8" value="ContentCatalogingService"/>
        </rim:Name>
      </rim:Classification>
      <!-- InvocationModel classification -->
      <rim:Classification classificationNode="urn:oasis:names:tc:ebxml-regrep:InvocationModel:Inline" classifiedObject="urn:oasis:names:tc:ebxml-regrep:Service:CanonicalXMLCatalogingService" id="urn:uuid:d1606054-c3c1-4a22-a130-8b853acc7b30">
        <rim:Name>
          <rim:LocalizedString charset="UTF-8" value="Inline"/>
        </rim:Name>
      </rim:Classification>
      <!-- ErrorHandlingModel classification -->
      <rim:Classification classificationNode="urn:oasis:names:tc:ebxml-regrep:ErrorHandlingModel:FailOnError" classifiedObject="urn:oasis:names:tc:ebxml-regrep:Service:CanonicalXMLCatalogingService" id="urn:uuid:2e82543f-ca57-4d4d-89a8-a96957b322dc">
        <rim:Name>
          <rim:LocalizedString charset="UTF-8" value="FailOnError"/>
        </rim:Name>
      </rim:Classification>
      <rim:ServiceBinding accessURI="" id="urn:oasis:names:tc:ebxml-regrep:ServiceBinding:CanonicalXMLCatalogingServiceBinding" service="urn:oasis:names:tc:ebxml-regrep:Service:CanonicalXMLCatalogingService">
        <rim:Name>
          <rim:LocalizedString charset="UTF-8" value="Default XML Cataloging Service binding"/>
        </rim:Name>
        <rim:Description>
          <rim:LocalizedString charset="UTF-8" value="Service Binding to Default XML Cataloging Service"/>
        </rim:Description>
      </rim:ServiceBinding>
    </rim:Service>
    <!--OffersService assoc between Registry and Service -->
    <rim:Association associationType="urn:oasis:names:tc:ebxml-regrep:AssociationType:OffersService" id="urn:uuid:2269ad8d-15ed-449b-bf34-f07ccbe5988f" sourceObject="urn:freebxml:registry:Organization:freebXMLRegistry" targetObject="urn:oasis:names:tc:ebxml-regrep:Service:CanonicalXMLCatalogingService"/>
    <!-- Assoc between default XML Cataloging Service and xml ClassificationNode in ObjectTypes scheme -->
    <rim:Association associationType="urn:oasis:names:tc:ebxml-regrep:AssociationType:ContentManagementServiceFor" id="urn:uuid:5603911b-b40f-4f03-9cf9-f518a60ea6c5" sourceObject="urn:oasis:names:tc:ebxml-regrep:Service:CanonicalXMLCatalogingService" targetObject="urn:oasis:names:tc:ebxml-regrep:ObjectType:RegistryObject:ExtrinsicObject:XML"/>
    <!-- The default ACP for the Registry -->
    <rim:ExtrinsicObject lid="urn:oasis:names:tc:ebxml-regrep:acp:defaultACP" id="urn:oasis:names:tc:ebxml-regrep:acp:defaultACP" mimeType="text/xml" objectType="urn:oasis:names:tc:ebxml-regrep:ObjectType:RegistryObject:ExtrinsicObject:XACML:PolicySet">
      <!-- Add a Slot with value for each composed policy. This will be automated in future via cataloging of PolicySets -->
      <rim:Slot name="ComposedPolicies">
        <rim:ValueList>
          <rim:Value>urn:oasis:names:tc:ebxml-regrep:3.0:rim:acp:policy:policyid:permit-anyone-to-read</rim:Value>
          <rim:Value>urn:oasis:names:tc:ebxml-regrep:3.0:rim:acp:policy:policyid:permit-owner-all</rim:Value>
          <rim:Value>urn:oasis:names:tc:ebxml-regrep:3.0:rim:acp:policy:policyid:permit-registryadministrator-all</rim:Value>
        </rim:ValueList>
      </rim:Slot>
      <rim:Name>
        <rim:LocalizedString value="defaultACP"/>
      </rim:Name>
      <rim:Description>
        <rim:LocalizedString value="Applies to RegistryObjects that do not have a custom Policy"/>
      </rim:Description>
    </rim:ExtrinsicObject>

    <!--
    Parameterized Adhoc Query to find all objects belonging to caller.
    -->
    <rim:AdhocQuery lid="urn:oasis:names:tc:ebxml-regrep:query:FindAllMyObjects" id="urn:oasis:names:tc:ebxml-regrep:query:FindAllMyObjects">
      <rim:Name>
        <rim:LocalizedString value="FindAllMyObjects"/>
      </rim:Name>
      <rim:Description>
        <rim:LocalizedString value="Finds all objects owned (submitted) by the caller. This may take a long time"/>
      </rim:Description>
      <rim:QueryExpression queryLanguage="urn:oasis:names:tc:ebxml-regrep:QueryLanguage:SQL-92">
SELECT ro.* from RegistryObject ro, AffectedObject ao, AuditableEvent ae, User_ u WHERE ae.user_ = $currentUser AND ao.id = ro.id AND ao.eventId = ae.id     
      </rim:QueryExpression>
    </rim:AdhocQuery>    
        
    <!--
    Parameterized Adhoc Query for Business Queries.
    Finds by Name, Description, Classifications, ExternalIdentifiers and ExternalLinks
    -->
    <rim:AdhocQuery lid="urn:freebxml:registry:query:BusinessQuery" id="urn:freebxml:registry:query:BusinessQuery">
      <rim:Name>
        <rim:LocalizedString value="BusinessQuery"/>
      </rim:Name>
      <rim:Description>
        <rim:LocalizedString value="Standard business query for selecting registry objects objects by name, description and classification"/>
      </rim:Description>
      <rim:QueryExpression queryLanguage="urn:oasis:names:tc:ebxml-regrep:QueryLanguage:SQL-92">
SELECT DISTINCT ro.* from RegistryObject ro, Name_ nm, Description d
WHERE (1=1)
 AND (objecttype IN (
 SELECT id FROM ClassificationNode WHERE path LIKE ''$objectTypePath'' OR path LIKE ''$objectTypePath/%'' )
 )
 AND (nm.parent = ro.id AND UPPER ( nm.value ) LIKE UPPER ( ''$name'' ) ) 
 AND (d.parent = ro.id AND UPPER ( d.value ) LIKE UPPER ( ''$description'' ) ) 
 AND (ro.id IN ( SELECT classifiedObject FROM Classification WHERE classificationNode IN (  SELECT id
 FROM ClassificationNode WHERE path LIKE ''$classificationPath1%'' ) ))        
 AND (ro.id IN ( SELECT classifiedObject FROM Classification WHERE classificationNode IN (  SELECT id
 FROM ClassificationNode WHERE path LIKE ''$classificationPath2%'' ) ))        
 AND (ro.id IN ( SELECT classifiedObject FROM Classification WHERE classificationNode IN (  SELECT id
 FROM ClassificationNode WHERE path LIKE ''$classificationPath3%'' ) ))       
 AND (ro.id IN ( SELECT classifiedObject FROM Classification WHERE classificationNode IN (  SELECT id
 FROM ClassificationNode WHERE path LIKE ''$classificationPath4%'' ) ))     
 ORDER BY ro.objecttype
        </rim:QueryExpression>
    </rim:AdhocQuery>

    <rim:AdhocQuery id="urn:freebxml:registry:query:BusinessQueryCaseSensitive">       
        <rim:Name>
            <rim:LocalizedString value="Business Query - Case Sensitive"/>
        </rim:Name>
        <rim:Description>
            <rim:LocalizedString value="Case sensitive tandard business query for selecting RIM objects by name, description and classification"/>
        </rim:Description>
        <rim:QueryExpression queryLanguage="urn:oasis:names:tc:ebxml-regrep:QueryLanguage:SQL-92">
SELECT DISTINCT ro.* from RegistryObject ro, Name_ nm, Description d
WHERE (1=1)
 AND (objecttype IN ( 
 SELECT id FROM ClassificationNode WHERE path LIKE ''$objectTypePath'' OR path LIKE ''$objectTypePath/%'' )
 )
 AND (nm.parent = ro.id AND nm.value LIKE ''$name'' )
 AND (d.parent = ro.id AND d.value LIKE ''$description'' )
 AND (ro.id IN ( SELECT classifiedObject FROM Classification WHERE classificationNode IN (  SELECT id
 FROM ClassificationNode WHERE path LIKE ''$classificationPath1%'' ) ))
 AND (ro.id IN ( SELECT classifiedObject FROM Classification WHERE classificationNode IN (  SELECT id
 FROM ClassificationNode WHERE path LIKE ''$classificationPath2%'' ) ))
 AND (ro.id IN ( SELECT classifiedObject FROM Classification WHERE classificationNode IN (  SELECT id
 FROM ClassificationNode WHERE path LIKE ''$classificationPath3%'' ) ))
 AND (ro.id IN ( SELECT classifiedObject FROM Classification WHERE classificationNode IN (  SELECT id
 FROM ClassificationNode WHERE path LIKE ''$classificationPath4%'' ) )) 
 ORDER BY ro.objecttype
        </rim:QueryExpression>
    </rim:AdhocQuery>        
    
    <!--
    Parameterized Adhoc Query for getCallersUser.
    Matches the User object for the Caller.
    -->
    <rim:AdhocQuery lid="urn:oasis:names:tc:ebxml-regrep:query:GetCallersUser" id="urn:oasis:names:tc:ebxml-regrep:query:GetCallersUser">
        <rim:Name>
            <rim:LocalizedString value="GetCallersUser"/>
        </rim:Name>
        <rim:Description>
            <rim:LocalizedString value="Parameterized Adhoc Query for getCallersUser. Matches the User object for the Caller."/>
        </rim:Description>
        <rim:QueryExpression queryLanguage="urn:oasis:names:tc:ebxml-regrep:QueryLanguage:SQL-92">
SELECT u.* FROM User_ u WHERE u.id = $currentUser;
        </rim:QueryExpression>
    </rim:AdhocQuery>
        
    <!--Root folder with locator '/' -->
    <rim:RegistryPackage id="urn:oasis:names:tc:ebxml-regrep:RegistryPackage:registry">
        <rim:Name>
            <rim:LocalizedString value="registry"/>
        </rim:Name>
      <rim:Description>
        <rim:LocalizedString charset="UTF-8" value="The root folder of the ebXML Registry"/>
      </rim:Description>
    </rim:RegistryPackage>
    
    <!-- adminOnlyFolderACP.xml -->
    <rim:ExtrinsicObject id="urn:oasis:names:tc:ebxml-regrep:acp:adminOnlyACP" objectType="urn:oasis:names:tc:ebxml-regrep:ObjectType:RegistryObject:ExtrinsicObject:XACML:PolicySet"  mimeType="text/xml">
      <rim:Name>
        <rim:LocalizedString charset="UTF-8" value="adminOnlyFolderACP.xml"/>
      </rim:Name>
      <rim:Description>
        <rim:LocalizedString charset="UTF-8" value="ACP that only allows RegistryAdministrators to add members to associated folder."/>
      </rim:Description>
    </rim:ExtrinsicObject>
    <!-- Assoc between adminOnlyFolderACP and the /registry folder -->
    <rim:Association id="urn:uuid:abab1387-26e2-4b27-b8b6-9a177c9eb7e6" associationType="urn:oasis:names:tc:ebxml-regrep:AssociationType:AccessControlPolicyFor" sourceObject="urn:oasis:names:tc:ebxml-regrep:acp:adminOnlyACP" targetObject="urn:oasis:names:tc:ebxml-regrep:RegistryPackage:registry"/>
    <!-- assocType AccessControPolicyFor -->
    <rim:ObjectRef id="urn:oasis:names:tc:ebxml-regrep:AssociationType:AccessControlPolicyFor"/>
    
    
    <rim:RegistryPackage id="urn:oasis:names:tc:ebxml-regrep:RegistryPackage:userData">
        <rim:Name>
            <rim:LocalizedString value="userData"/>
        </rim:Name>
      <rim:Description>
        <rim:LocalizedString charset="UTF-8" value="The folder that is root folder for all user submitted data."/>
      </rim:Description>
    </rim:RegistryPackage>
    
    <!--HasMember assoc to put /userData as member of /registry folder -->
    <rim:Association associationType="urn:oasis:names:tc:ebxml-regrep:AssociationType:HasMember" id="urn:uuid:d4001de8-7fe1-433d-9ca3-acba17200ece" sourceObject="urn:oasis:names:tc:ebxml-regrep:RegistryPackage:registry" targetObject="urn:oasis:names:tc:ebxml-regrep:RegistryPackage:userData">
      <rim:Description>
        <rim:LocalizedString charset="UTF-8" value="'registry' HasMember 'userData'."/>
      </rim:Description>
    </rim:Association>

    <!-- User for RegistryOperator -->
    <rim:ObjectRef id="urn:freebxml:registry:predefinedusers:registryoperator"/>
    <!-- xml ObjectType, Defined in SubmitObjectsRequest_objectTypesSchemes -->
    <rim:ObjectRef id="urn:oasis:names:tc:ebxml-regrep:ObjectType:RegistryObject:ExtrinsicObject:XML"/>
  </rim:RegistryObjectList>
</SubmitObjectsRequest>
