<?xml version="1.0" encoding="UTF-8"?>
<!-- $Header: /cvsroot/ebxmlrr/omar/misc/samples/minDB/SubmitObjectsRequest_PhoneTypeScheme.xml,v 1.7 2005/02/01 13:09:38 farrukh_najmi Exp $ -->
<SubmitObjectsRequest xmlns="urn:oasis:names:tc:ebxml-regrep:xsd:lcm:3.0" xmlns:lcm="urn:oasis:names:tc:ebxml-regrep:xsd:lcm:3.0  ../schema/lcm.xsd" xmlns:query="urn:oasis:names:tc:ebxml-regrep:xsd:query:3.0" xmlns:query21="urn:oasis:names:tc:ebxml-regrep:xsd:query:3.0" xmlns:rim="urn:oasis:names:tc:ebxml-regrep:xsd:rim:3.0" xmlns:rim30="urn:oasis:names:tc:ebxml-regrep:xsd:rim:3.0" xmlns:rs="urn:oasis:names:tc:ebxml-regrep:xsd:rs:3.0" xmlns:xsi="http://www.w3.org/2001/XMLSchema-instance" xsi:schemaLocation="urn:oasis:names:tc:ebxml-regrep:xsd:lcm:3.0  ../schema/lcm.xsd">
  <rim:RegistryObjectList>
    <rim:ClassificationScheme lid="urn:oasis:names:tc:ebxml-regrep:classificationScheme:PhoneType" id="urn:oasis:names:tc:ebxml-regrep:classificationScheme:PhoneType" isInternal="true" nodeType="urn:oasis:names:tc:ebxml-regrep:NodeType:UniqueCode">
      <rim:Name>
        <rim:LocalizedString charset="UTF-8" value="PhoneType"/>
      </rim:Name>
      <rim:Description>
        <rim:LocalizedString charset="UTF-8" value="This is the canonical ClassificationScheme for pre-defined telephone number types"/>
      </rim:Description>
      <rim:ClassificationNode lid="urn:oasis:names:tc:ebxml-regrep:PhoneType:OfficePhone" code="OfficePhone" id="urn:oasis:names:tc:ebxml-regrep:PhoneType:OfficePhone"/>
      <rim:ClassificationNode lid="urn:oasis:names:tc:ebxml-regrep:PhoneType:HomePhone" code="HomePhone" id="urn:oasis:names:tc:ebxml-regrep:PhoneType:HomePhone"/>
      <rim:ClassificationNode lid="urn:oasis:names:tc:ebxml-regrep:PhoneType:MobilePhone" code="MobilePhone" id="urn:oasis:names:tc:ebxml-regrep:PhoneType:MobilePhone"/>
      <rim:ClassificationNode lid="urn:oasis:names:tc:ebxml-regrep:PhoneType:Beeper" code="Beeper" id="urn:oasis:names:tc:ebxml-regrep:PhoneType:Beeper"/>
      <rim:ClassificationNode lid="urn:oasis:names:tc:ebxml-regrep:PhoneType:FAX" code="FAX" id="urn:oasis:names:tc:ebxml-regrep:PhoneType:FAX"/>
    </rim:ClassificationScheme>
  </rim:RegistryObjectList>
</SubmitObjectsRequest>
