<?xml version="1.0" encoding="UTF-8"?>
<!-- $Header: /cvsroot/ebxmlrr/omar/misc/samples/minDB/SubmitObjectsRequest_AssociationTypeScheme.xml,v 1.13 2005/02/01 13:09:38 farrukh_najmi Exp $ -->
<SubmitObjectsRequest xmlns="urn:oasis:names:tc:ebxml-regrep:xsd:lcm:3.0" xmlns:lcm="urn:oasis:names:tc:ebxml-regrep:xsd:lcm:3.0  ../schema/lcm.xsd" xmlns:query="urn:oasis:names:tc:ebxml-regrep:xsd:query:3.0" xmlns:query21="urn:oasis:names:tc:ebxml-regrep:xsd:query:3.0" xmlns:rim="urn:oasis:names:tc:ebxml-regrep:xsd:rim:3.0" xmlns:rim30="urn:oasis:names:tc:ebxml-regrep:xsd:rim:3.0" xmlns:rs="urn:oasis:names:tc:ebxml-regrep:xsd:rs:3.0" xmlns:xsi="http://www.w3.org/2001/XMLSchema-instance" xsi:schemaLocation="urn:oasis:names:tc:ebxml-regrep:xsd:lcm:3.0  ../schema/lcm.xsd">
  <rim:RegistryObjectList>
    <rim:ClassificationScheme lid="urn:oasis:names:tc:ebxml-regrep:classificationScheme:AssociationType" id="urn:oasis:names:tc:ebxml-regrep:classificationScheme:AssociationType" isInternal="true" nodeType="urn:oasis:names:tc:ebxml-regrep:NodeType:UniqueCode">
      <rim:Name>
        <rim:LocalizedString charset="UTF-8" value="AssociationType"/>
      </rim:Name>
      <rim:Description>
        <rim:LocalizedString charset="UTF-8" value="This is the canonical ClassificationScheme for pre-defined association types"/>
      </rim:Description>
      <rim:ClassificationNode lid="urn:oasis:names:tc:ebxml-regrep:AssociationType:AffiliatedWith" code="AffiliatedWith" id="urn:oasis:names:tc:ebxml-regrep:AssociationType:AffiliatedWith">
        <rim:Name>
          <rim:LocalizedString charset="UTF-8" value="AffiliatedWith"/>
        </rim:Name>
        <rim:ClassificationNode lid="urn:oasis:names:tc:ebxml-regrep:AssociationType:AffiliatedWith:EmployeeOf" code="EmployeeOf" id="urn:oasis:names:tc:ebxml-regrep:AssociationType:AffiliatedWith:EmployeeOf">
          <rim:Name>
            <rim:LocalizedString charset="UTF-8" value="EmployeeOf"/>
          </rim:Name>
        </rim:ClassificationNode>
        <rim:ClassificationNode lid="urn:oasis:names:tc:ebxml-regrep:AssociationType:AffiliatedWith:MemberOf" code="MemberOf" id="urn:oasis:names:tc:ebxml-regrep:AssociationType:AffiliatedWith:MemberOf">
          <rim:Name>
            <rim:LocalizedString charset="UTF-8" value="MemberOf"/>
          </rim:Name>
        </rim:ClassificationNode>
      </rim:ClassificationNode>
      <rim:ClassificationNode lid="urn:oasis:names:tc:ebxml-regrep:AssociationType:RelatedTo" code="RelatedTo" id="urn:oasis:names:tc:ebxml-regrep:AssociationType:RelatedTo">
        <rim:Name>
          <rim:LocalizedString charset="UTF-8" value="RelatedTo"/>
        </rim:Name>
      </rim:ClassificationNode>
      <rim:ClassificationNode lid="urn:oasis:names:tc:ebxml-regrep:AssociationType:HasFederationMember" code="HasFederationMember" id="urn:oasis:names:tc:ebxml-regrep:AssociationType:HasFederationMember">
        <rim:Name>
          <rim:LocalizedString charset="UTF-8" value="HasFederationMember"/>
        </rim:Name>
      </rim:ClassificationNode>
      <rim:ClassificationNode lid="urn:oasis:names:tc:ebxml-regrep:AssociationType:HasMember" code="HasMember" id="urn:oasis:names:tc:ebxml-regrep:AssociationType:HasMember">
        <rim:Name>
          <rim:LocalizedString charset="UTF-8" value="HasMember"/>
        </rim:Name>
      </rim:ClassificationNode>
      <rim:ClassificationNode lid="urn:oasis:names:tc:ebxml-regrep:AssociationType:ExternallyLinks" code="ExternallyLinks" id="urn:oasis:names:tc:ebxml-regrep:AssociationType:ExternallyLinks">
        <rim:Name>
          <rim:LocalizedString charset="UTF-8" value="ExternallyLinks"/>
        </rim:Name>
      </rim:ClassificationNode>
      <rim:ClassificationNode lid="urn:oasis:names:tc:ebxml-regrep:AssociationType:Contains" code="Contains" id="urn:oasis:names:tc:ebxml-regrep:AssociationType:Contains">
        <rim:Name>
          <rim:LocalizedString charset="UTF-8" value="Contains"/>
        </rim:Name>
      </rim:ClassificationNode>
      <rim:ClassificationNode lid="urn:oasis:names:tc:ebxml-regrep:AssociationType:EquivalentTo" code="EquivalentTo" id="urn:oasis:names:tc:ebxml-regrep:AssociationType:EquivalentTo">
        <rim:Name>
          <rim:LocalizedString charset="UTF-8" value="EquivalentTo"/>
        </rim:Name>
      </rim:ClassificationNode>
      <rim:ClassificationNode lid="urn:oasis:names:tc:ebxml-regrep:AssociationType:Extends" code="Extends" id="urn:oasis:names:tc:ebxml-regrep:AssociationType:Extends">
        <rim:Name>
          <rim:LocalizedString charset="UTF-8" value="Extends"/>
        </rim:Name>
      </rim:ClassificationNode>
      <rim:ClassificationNode lid="urn:oasis:names:tc:ebxml-regrep:AssociationType:Implements" code="Implements" id="urn:oasis:names:tc:ebxml-regrep:AssociationType:Implements">
        <rim:Name>
          <rim:LocalizedString charset="UTF-8" value="Implements"/>
        </rim:Name>
      </rim:ClassificationNode>
      <rim:ClassificationNode lid="urn:oasis:names:tc:ebxml-regrep:AssociationType:InstanceOf" code="InstanceOf" id="urn:oasis:names:tc:ebxml-regrep:AssociationType:InstanceOf">
        <rim:Name>
          <rim:LocalizedString charset="UTF-8" value="InstanceOf"/>
        </rim:Name>
      </rim:ClassificationNode>
      <rim:ClassificationNode lid="urn:oasis:names:tc:ebxml-regrep:AssociationType:Supersedes" code="Supersedes" id="urn:oasis:names:tc:ebxml-regrep:AssociationType:Supersedes">
        <rim:Name>
          <rim:LocalizedString charset="UTF-8" value="Supersedes"/>
        </rim:Name>
      </rim:ClassificationNode>
      <rim:ClassificationNode lid="urn:oasis:names:tc:ebxml-regrep:AssociationType:Uses" code="Uses" id="urn:oasis:names:tc:ebxml-regrep:AssociationType:Uses">
        <rim:Name>
          <rim:LocalizedString charset="UTF-8" value="Uses"/>
        </rim:Name>
      </rim:ClassificationNode>
      <rim:ClassificationNode lid="urn:oasis:names:tc:ebxml-regrep:AssociationType:Replaces" code="Replaces" id="urn:oasis:names:tc:ebxml-regrep:AssociationType:Replaces">
        <rim:Name>
          <rim:LocalizedString charset="UTF-8" value="Replaces"/>
        </rim:Name>
      </rim:ClassificationNode>
      <rim:ClassificationNode lid="urn:oasis:names:tc:ebxml-regrep:AssociationType:SubmitterOf" code="SubmitterOf" id="urn:oasis:names:tc:ebxml-regrep:AssociationType:SubmitterOf">
        <rim:Name>
          <rim:LocalizedString charset="UTF-8" value="SubmitterOf"/>
        </rim:Name>
      </rim:ClassificationNode>
      <rim:ClassificationNode lid="urn:oasis:names:tc:ebxml-regrep:AssociationType:ResponsibleFor" code="ResponsibleFor" id="urn:oasis:names:tc:ebxml-regrep:AssociationType:ResponsibleFor">
        <rim:Name>
          <rim:LocalizedString charset="UTF-8" value="ResponsibleFor"/>
        </rim:Name>
      </rim:ClassificationNode>
      <rim:ClassificationNode lid="urn:oasis:names:tc:ebxml-regrep:AssociationType:OwnerOf" code="OwnerOf" id="urn:oasis:names:tc:ebxml-regrep:AssociationType:OwnerOf">
        <rim:Name>
          <rim:LocalizedString charset="UTF-8" value="OwnerOf"/>
        </rim:Name>
      </rim:ClassificationNode>
      <rim:ClassificationNode lid="urn:oasis:names:tc:ebxml-regrep:AssociationType:OffersService" code="OffersService" id="urn:oasis:names:tc:ebxml-regrep:AssociationType:OffersService">
        <rim:Name>
          <rim:LocalizedString charset="UTF-8" value="OffersService"/>
        </rim:Name>
      </rim:ClassificationNode>
      <rim:ClassificationNode lid="urn:oasis:names:tc:ebxml-regrep:AssociationType:ContentManagementServiceFor" code="ContentManagementServiceFor" id="urn:oasis:names:tc:ebxml-regrep:AssociationType:ContentManagementServiceFor">
        <rim:Name>
          <rim:LocalizedString charset="UTF-8" value="ContentManagementServiceFor"/>
        </rim:Name>
      </rim:ClassificationNode>
      <rim:ClassificationNode lid="urn:oasis:names:tc:ebxml-regrep:AssociationType:InvocationControlFileFor" code="InvocationControlFileFor" id="urn:oasis:names:tc:ebxml-regrep:AssociationType:InvocationControlFileFor">
        <rim:Name>
          <rim:LocalizedString charset="UTF-8" value="InvocationControlFileFor"/>
        </rim:Name>
        
        <rim:ClassificationNode lid="urn:oasis:names:tc:ebxml-regrep:AssociationType:InvocationControlFileFor:CatalogingControlFileFor" code="CatalogingControlFileFor" id="urn:oasis:names:tc:ebxml-regrep:AssociationType:InvocationControlFileFor:CatalogingControlFileFor">
          <rim:Name>
            <rim:LocalizedString charset="UTF-8" value="CatalogingControlFileFor"/>
          </rim:Name>
        </rim:ClassificationNode>
        <rim:ClassificationNode lid="urn:oasis:names:tc:ebxml-regrep:AssociationType:InvocationControlFileFor:ValidationControlFileFor" code="ValidationControlFileFor" id="urn:oasis:names:tc:ebxml-regrep:AssociationType:InvocationControlFileFor:ValidationControlFileFor">
          <rim:Name>
            <rim:LocalizedString charset="UTF-8" value="ValidationControlFileFor"/>
          </rim:Name>
        </rim:ClassificationNode>
        
      </rim:ClassificationNode>
      <rim:ClassificationNode lid="urn:oasis:names:tc:ebxml-regrep:AssociationType:AccessControlPolicyFor" code="AccessControlPolicyFor" id="urn:oasis:names:tc:ebxml-regrep:AssociationType:AccessControlPolicyFor">
        <rim:Name>
          <rim:LocalizedString charset="UTF-8" value="AccessControlPolicyFor"/>
        </rim:Name>
      </rim:ClassificationNode>
    </rim:ClassificationScheme>
  </rim:RegistryObjectList>
</SubmitObjectsRequest>
