<?xml version="1.0" encoding="UTF-8"?>
<!-- $Header: /cvsroot/ebxmlrr/omar/misc/samples/minDB/SubmitObjectsRequest_StatusTypeScheme.xml,v 1.5 2005/02/01 13:09:38 farrukh_najmi Exp $-->
<SubmitObjectsRequest xmlns="urn:oasis:names:tc:ebxml-regrep:xsd:lcm:3.0" xmlns:lcm="urn:oasis:names:tc:ebxml-regrep:xsd:lcm:3.0  ../schema/lcm.xsd" xmlns:query="urn:oasis:names:tc:ebxml-regrep:xsd:query:3.0" xmlns:query21="urn:oasis:names:tc:ebxml-regrep:xsd:query:3.0" xmlns:rim="urn:oasis:names:tc:ebxml-regrep:xsd:rim:3.0" xmlns:rim30="urn:oasis:names:tc:ebxml-regrep:xsd:rim:3.0" xmlns:rs="urn:oasis:names:tc:ebxml-regrep:xsd:rs:3.0" xmlns:xsi="http://www.w3.org/2001/XMLSchema-instance" xsi:schemaLocation="urn:oasis:names:tc:ebxml-regrep:xsd:lcm:3.0  ../schema/lcm.xsd">
  <rim:RegistryObjectList>
    <rim:ClassificationScheme lid="urn:oasis:names:tc:ebxml-regrep:classificationScheme:StatusType" id="urn:oasis:names:tc:ebxml-regrep:classificationScheme:StatusType" isInternal="true" nodeType="urn:oasis:names:tc:ebxml-regrep:NodeType:UniqueCode" objectType="urn:oasis:names:tc:ebxml-regrep:ObjectType:RegistryObject:ClassificationScheme">
      <rim:Name>
        <rim:LocalizedString charset="UTF-8" xml:lang="en-US" value="StatusType"/>
      </rim:Name>
      <rim:Description>
        <rim:LocalizedString charset="UTF-8" xml:lang="en-US" value="Defines Status types for RegistryObject status atribute."/>
      </rim:Description>
      
      <rim:ClassificationNode lid="urn:oasis:names:tc:ebxml-regrep:StatusType:Approved" code="Approved" id="urn:oasis:names:tc:ebxml-regrep:StatusType:Approved" objectType="urn:oasis:names:tc:ebxml-regrep:ObjectType:RegistryObject:ClassificationNode" parent="urn:oasis:names:tc:ebxml-regrep:classificationScheme:StatusType">
        <rim:Name>
          <rim:LocalizedString charset="UTF-8" xml:lang="en-US" value="Approved"/>
        </rim:Name>
        <rim:Description>
          <rim:LocalizedString charset="UTF-8" xml:lang="en-US" value="Event is a result of an ApproveObjectsRequest."/>
        </rim:Description>
      </rim:ClassificationNode>
      <rim:ClassificationNode lid="urn:oasis:names:tc:ebxml-regrep:StatusType:Deprecated" code="Deprecated" id="urn:oasis:names:tc:ebxml-regrep:StatusType:Deprecated" objectType="urn:oasis:names:tc:ebxml-regrep:ObjectType:RegistryObject:ClassificationNode" parent="urn:oasis:names:tc:ebxml-regrep:classificationScheme:StatusType">
        <rim:Name>
          <rim:LocalizedString charset="UTF-8" xml:lang="en-US" value="Deprecated"/>
        </rim:Name>
        <rim:Description>
          <rim:LocalizedString charset="UTF-8" xml:lang="en-US" value="Event is a result of an DeprecateObjectsRequest."/>
        </rim:Description>
      </rim:ClassificationNode>
      <rim:ClassificationNode lid="urn:oasis:names:tc:ebxml-regrep:StatusType:Submitted" code="Submitted" id="urn:oasis:names:tc:ebxml-regrep:StatusType:Submitted" objectType="urn:oasis:names:tc:ebxml-regrep:ObjectType:RegistryObject:ClassificationNode" parent="urn:oasis:names:tc:ebxml-regrep:classificationScheme:StatusType">
        <rim:Name>
          <rim:LocalizedString charset="UTF-8" xml:lang="en-US" value="Submitted"/>
        </rim:Name>
        <rim:Description>
          <rim:LocalizedString charset="UTF-8" xml:lang="en-US" value="Event is a result of an getContentRequest."/>
        </rim:Description>
      </rim:ClassificationNode>
      <rim:ClassificationNode lid="urn:oasis:names:tc:ebxml-regrep:StatusType:Withdrawn" code="Withdrawn" id="urn:oasis:names:tc:ebxml-regrep:StatusType:Withdrawn" objectType="urn:oasis:names:tc:ebxml-regrep:ObjectType:RegistryObject:ClassificationNode" parent="urn:oasis:names:tc:ebxml-regrep:classificationScheme:StatusType">
        <rim:Name>
          <rim:LocalizedString charset="UTF-8" xml:lang="en-US" value="Withdrawn"/>
        </rim:Name>
        <rim:Description>
          <rim:LocalizedString charset="UTF-8" xml:lang="en-US" value="Event is a result of an RelocateObjectsRequest."/>
        </rim:Description>
      </rim:ClassificationNode>
    </rim:ClassificationScheme>
  </rim:RegistryObjectList>
</SubmitObjectsRequest>
